{
  "skills": [
    {
      "id": "1",
      "src": "./img/product-chain-1.png",
      "title": "Front-End",
      "description": "Front end yo`nalishida HTML, CSS, JAVASCRIPT kabi dasturlash tillarini bilaman"
    },
    {
      "id": "2",
      "src": "./img/tag-1.png",
      "title": "Back-End",
      "description": "Back end yo`nalishida REACT JS, ANGULAR, VUE JS, NEXT JS kabi dasturlash tillarini bilaman"
    },
    {
      "id": "3",
      "src": "./img/feather-pen-2.png",
      "title": "Mobil ilovalar",
      "description": "Mobil ilovalar yaratishda men REACT NATIVE dasturlash yo`nalishida ishlayman."
    },
    {
      "id": "4",
      "src": "./img/feather-pen-1.png",
      "title": "Veb-dizayn",
      "description": "Men front end yo`nalishida kreativ veb dizaynlar hamda veb saytlar yarata olaman."
    }
  ],
  "portfolio": [
    {
      "id": "1",
      "src": "./img/placeholder-image.jpg",
      "title": "Web sayt",
      "description": "Men ushbu turdagi veb saytlar yarata olaman. Bu men qilgan birinchi loyixa xisoblanadi."
    },
    {
      "id": "2",
      "src": "./img/placeholder-image-1.jpg",
      "title": "Veb-dizayn",
      "description": "Men shunaqa ko`rinishda veb dizaynlar yarata olaman. Bu Backend qismi hisoblanadi"
    },
    {
      "id": "3",
      "src": "./img/placeholder-image-2.jpg",
      "title": "Backend",
      "description": "Men back end yo`nalishida kreativ dashboardlar hamda admin panellar yarata olaman."
    }
  ]
  
}
